miid,type,url,title,caption,source,mid
1,link,http://cnx.rice.edu/content/m11970/latest/tres_epistolae.gif,Sunspot plate from Scheiner&#039;s &quot;Tres Epistolae&#039;&#039;,,,35
2,link,http://cours.cegep-st-jerome.qc.ca/530-gjb-p.l/lumiere.htm,"Images: Auguste et Louis Lumi&egrave;re, le cin&eacute;matographe Lumi&egrave;re",,,173
3,link,http://diagrams.org/images/png/medium/f00022.png,Modern London tube map following Beck,,,209
5,link,http://psychclassics.yorku.ca/Thurstone/fig4.gif,Factorial diagram for study of radicalism and attitudes,,,202
6,link,http://web.utk.edu/~glenn/AmsFranceWWI.gif,"American Divisions in France, WWI, from",,,194
8,link,http://www.accad.ohio-state.edu/~waynec/history/images/tabulator.gif,Hollerith tabulator machine for census bureau,,,164
10,link,http://www.cas.lancs.ac.uk/alcd/visual/animate.gif,"Animated 3D lexis pencil, from Brian Francis",,,267
11,link,http://www.cs.indiana.edu/hyplan/tkeahey/research/nlm/images/introImage.gif,"Fisheye view of central Washington, D.C.",,,250
12,link,http://www.fceia.unr.edu.ar/dibujo/pto-rta-plano.htm,Monge&#039;s system of multiple projections,,,73
13,link,http://www.fi.uu.nl/wiskrant/artikelen/hist_grafieken/begin/images/planeten.gif,Planetary movements diagram,,,9
14,link,http://www.henry-davis.com/MAPS/LMimages/235C.jpg,"Catalan Atlas, detail: Europe, North Africa",,,13
16,link,http://www.journals.uchicago.edu/Isis/journal/demo/v000n000/000000/fg1.h.gif,Henderson nomogram image,,,203
19,link,http://www.journals.uchicago.edu/Isis/journal/demo/v000n000/000000/fg3.gif,Sylvester&#039;s diagram image,,,154
28,link,http://www.peoples.ru/state/detective/bertillon/photo.html,Bertillon images (russian),,,160
33,link,http://www.thebakken.org/artifacts/database/imagebase/098-022-016.jpg,EEG machine,,,205
34,link,http://www.unh.edu/esci/indexmap.html,"Smith&#039;s map, in zoomable sections",,,90
35,link,http://www.uni-mannheim.de/fakul/psycho/irtel/colsys/Harris.html,"Moses Harris&#039; prismatic colour mixture system, from",,,67
36,link,http://www.uni-mannheim.de/fakul/psycho/irtel/colsys/Lambert.html,"Johann Heinrich Lambert&#039;s color pyramid, from",,,67
37,link,http://www.uni-mannheim.de/fakul/psycho/irtel/colsys/Mayer.html,"Tobias Mayer&#039;s colour pyramid, from",,,67
40,image,1533Armillar.jpg,"Image from Peter Apianius Cosmographia, edited by Gemma Frissius",,,18
41,image,1626scheiner.jpg,Apparatus for recording sunspots,,,35
42,image,G-F_triangulation.jpg,Gemma-Frisius Diagram of triangulation,,,18
44,image,Lalanne.jpg,Lalanne&#039;s Universal Calculator,,,121
45,image,LallemandAbaque.jpg,Lallemand&#039;s &quot;L&#039;Abaque Triomphe&#039;&#039;,,,162
46,image,Lambert1765-evaporation.jpg,Graph of evaporation of water vs. time,,,72
47,image,Robinson/viandes.jpg,Pie-map showing origin of meats consumed in Paris,,,123
48,image,angeville1.jpg,"Population of France, Carte 1",,,111
49,image,angeville5.jpg,"Taille, Carte 5",,,111
50,image,arbuthnot11.gif,Graph of the sex ratio from 1620--1710,,,55
51,image,beck1933-undergroundmap.jpg,Beck&#039;s initial underground map,,,209
52,image,biplot.gif,Biplot representation of blood chemistry data,,,229
53,image,booth.gif,"Booth&#039;s poverty map, larger",,,171
60,image,buache.jpg,Buache&#039;s 1770 Carte physique ou Geographie naturelle de la France,,,65
61,image,cromeh.jpg,Crome&#039;s 1820 Verhaeltness Karte,,,79
62,image,daguerre454bg.jpg,"Daguerre, Parisian Boulevard",,,116
63,image,dan/anderson_glyphs1.jpg,Use of metroglyphs in a graph,,,215
64,image,dan/anderson_glyphs2.jpg,Diagramming variables in more than 3 dimensions,,,215
65,image,dan/brushing_fig14.jpg,Figure 14 from &quot;Brushing scatterplots&#039;&#039; showing interactive labeling of brushed points,,,259
66,image,dan/dubourg_scroll.jpg,"Dubourg scroll, closed",,,66
67,image,dan/dubourg_scroll_opened.jpg,"Dubourg scroll, opened (",,,66
77,image,dan/quetelet-binomial.jpg,"Quetelet&#039;s graph of a binomial distribution, 999 trials",,,122
78,image,dan/washburne_income.jpg,Graphical image used by Washburne: Income,,,201
79,image,dan/washburne_pop_florence.jpg,Graphical image used by Washburne: Population of Florence,,,201
80,image,df-booth_map.jpg,Portion of Booth&#039;s poverty map,,,171
81,image,dupin1826-map_200.jpg,Dupin choropleth map of literacy in France,,,99
82,image,dupin2.gif,Dupin cartogram map of France,,,99
83,image,ethnographical-map-1843-prichard-africa.jpg,Ethnographical map of Africa,,,119
84,image,ethnographical-map-1843-prichard-europe.jpg,Ethnographical map of Europe,,,119
85,image,faraday-iron_filings.jpg,"Faraday&#039;s iron filing diagrammes, the earliest ever made",,,104
86,image,fisher-trilinear.png,"Plot on trilinear graph paper by R. A. Fisher, ca. 1955",,,142
87,image,fisheye-map.gif,"Fisheye view of central Washington, D.C.",,,250
96,image,halley1866a-1.jpg,"Halley&#039;s wind map, section 1 detail",,,49
97,image,halley1893-fig7.jpg,Halley 1893 2D diagram,,,52
98,image,halley1893-fig8.jpg,Halley 1893 3D diagram,,,52
99,image,halleygraph.gif,Halley&#039;s graph of change in barometric pressure,,,48
100,image,halleyweathermap-1686.jpg,"Halley&#039;s wind map, 1686",,,49
101,image,harness-flow.gif,Harness flow map of transportation of passengers in Ireland,,,113
104,image,humboldt-isothermes1817.jpg,"von Humboldt isotherms, Annals de Chemie et de physique, 1817",,,93
106,image,isis/fg14b.gif,Lalanne contour diagram,,,117
107,image,isis/fg16.gif,von Humboldt isotherm,,,93
108,image,klein/parade1913.jpg,Photograph of the Parade of Statistical Graphics,,,184
109,image,llull-tree.jpg,Llull&#039;s tree of knowledge,,,11
110,image,llulldisk2.jpg,Llull&#039;s mechanical disks,,,11
113,image,mihalisin/figure4.jpg,"TempleMVV image: 4 response variables vs. age, sex, education",,,263
114,image,mihalisin/figure5.jpg,TempleMVV image: 4-way association,,,263
116,image,montizon-dotmap.jpg,"Dot map of population of France, 1830",,,105
117,image,muybridge_galloping_horse.jpg,"Galloping Horse, 1878",,,141
118,image,nautonier1.jpg,Le Nautonier&#039;s geomagentic map,,,28
119,image,nautonier2.gif,Modern re-creation of the magnetic equator after Le Nautonier,,,28
121,image,palsky/guerry/carte1s.jpg,Guerry&#039;s map of crimes against persons in France,,,107
122,image,palsky/guerry/carte2s.jpg,Guerry&#039;s map of crimes against property in France,,,107
123,image,palsky/guerry/carte3s.jpg,Guerry&#039;s map of &quot;instruction&#039;&#039; in France,,,107
124,image,palsky/guerry/carte6s.jpg,Guerry&#039;s map of suicides,,,107
126,image,pcars-biplot.gif,Biplot representation of ratings of automobiles,,,229
134,image,prostitutes-duchatelet-paris.jpg,Duchatelet&#039;s map showing the distribution of prostitutes in Paris,,,112
135,image,prostitutes-duchatelet.jpg,Duchatelet&#039;s map showing the origins of prostitutes in Paris,,,112
137,image,rorick1982-weathermap-lg.jpg,image,,,254
138,image,ruddy/image008.jpg,Trellis-like time series graphs of tuberculosis,,,181
139,image,ruddy/repro09a.jpg,Trellis-like time series graphs of infant mortality,,,181
140,image,ruddy/repro12.jpg,3D Histogram: The course of death in Saxony,,,181
144,image,rumsey/berghaus-vonhumbolt.jpg,von Humboldt isotherms from Berghaus&#039; 1849 Atlas,,,93
145,image,rumsey/kombst-0372033.jpg,Ethnographical map of Europe,,,119
149,image,smithmap.jpg,Smith&#039;s 1815 map,,,90
150,image,starcrim2.gif,Star plot of crime rates in US cities,,,227
152,image,treeviz.gif,TreeViz image of files on the HCIL server,,,270
154,image,usvismap.gif,US Visibility Map,,,253
155,image,vauthier-ill01.jpg,Estuaire de la Seine en 1834,,,145
156,image,vauthier2.jpg,Vauthier contour map,,,145
161,link,http://www.math.yorku.ca/SCS/Online/mosaics/mosaic34.gif,Two-way mosaic of hair color and eye color,,,269
162,link,http://www.math.yorku.ca/SCS/Online/mosaics/mosaic35.gif,"Three-way mosaic of hair color, eye color, and sex",,,269
165,link,http://www.agocg.ac.uk/train/review/fig12.jpg,CDV screen shot,,,274
166,link,http://www.agocg.ac.uk/train/review/fig6.jpg,Lexis pencil image,,,267
167,link,http://www.cce.ed.ac.uk/geddes/Deeds.gif,Notation of Life diagram,,,172
168,link,http://www.cs.indiana.edu/hyplan/tkeahey/research/fad/images/app-image.gif,"Fisheye view of central Washington, D.C.",,,250
172,link,http://www.maps.jcu.edu.au/course/hist/stats/bert/bert22bs.jpg,Measuring the head with calipers,,,160
175,image,icons/MoseleyGraph.gif,Moseley graph image,,,185
178,image,icons/buache.jpg,Buache contour map icon,,,65
179,image,icons/catalan08.gif,"Carte de l&#039;Europe, de l&#039;Afrique du Nord et du Proche-Orient, BNF, ESP 30",,,13
181,image,icons/funplot.gif,Fourier function plot image,,,230
182,image,icons/isis/fg1-t.gif,Henderson nomogram icon,,,203
183,image,icons/isis/fg14b-t.gif,Lalanne contour diagram,,,117
185,image,icons/isis/fg16-t.gif,von Humboldt isotherm icon,,,93
186,image,icons/isis/fg17-t.gif,Lalanne nomogram icon,,,121
188,image,icons/isis/fg3-t.gif,Sylvester&#039;s diagram icon,,,154
194,image,icons/marey1.jpg,Somersault icon,,,159
196,image,icons/niepce-photo.jpg,"Niepce photo, Point de vue du Gras",,,100
197,image,icons/oresmekl.gif,Oresme bar graph,,,12
199,image,icons/planetenkl.gif,Planetary movements icon,,,9
202,image,icons/scheinersunspots1.gif,Scheiner sunspot image,,,35
204,image,icons/sieve1.gif,Sieve diagram image,,,255
206,image,icons/stereo1.jpg,Perozzo stereogram icon,,,155
207,image,icons/vauthier.gif,Vauthier contour map,,,145
208,image,CatalanE.jpg,"Carte de l&#039;Europe, de l&#039;Afrique du Nord et du Proche-Orient, BNF, ESP 30",,,13
210,image,Halley.gif,Halley&#039;s diagram,,,52
212,image,babbage1822.jpg,Babbage Difference Engine,,,97
213,image,bachi.gif,Bachi number patterns,,,223
214,image,bayebeta.gif,Bayes&#039; Graph of the beta density,,,69
215,image,bertin-ve.jpg,Bertin&#039;s seven visual variables,,,222
216,image,cdcstomach.gif,CDC map of incidence of stomach cancer,,,234
219,image,draftpl3.gif,"USA 1970 Draft Lottery Data, with median and quartile traces",,,239
220,image,dupin.gif,Dupin choropleth map of France,,,94
221,image,enpc/fourfigures.gif,Four type of graphs illustrated by Levasseur,,,168
222,image,enpc/img09a.jpg,Minard Tableau graphique,,,120
223,image,faceautm.gif,"Faces plot of automobile data, by origin",,,231
224,image,fourier.gif,Fourier ogive,,,96
228,image,hertz2.gif,Hertzprung&#039;s first 1911 graphs,,,182
229,image,hollerith-machine.jpg,Hollerith punched card machine: reader-sorter,,,164
230,image,hr-diagram.gif,early Hertzsprung-Russell diagram,,,182
231,image,hstfig18.gif,The &quot;Mark I&#039;&#039; IBM ASCC,,,213
232,image,huygens-graph.gif,Huygens graph,,,46
234,image,levasseur/fig-d.png,Area diagram comparing populations of countries to their colonies,,,168
235,image,levasseur/fig-k.png,Circle diagram of Infant mortality by month in Brussels,,,168
236,image,levasseur/fig-s.png,Population density in France in 1866,,,168
237,image,lexis.gif,Lexis diagram,,,148
239,image,lorenz-curve.gif,Lorenz Curve,,,178
241,image,main_sequence.jpg,modern Hertzsprung-Russell diagram,,,182
243,image,minard.gif,Minard&#039;s March on Moscow graphic,,,135
245,image,muybridge_galloping_horse_s.jpg,"Galloping Horse, 1878",,,141
246,image,nomogram.gif,Lalanne nomogram image,,,121
249,image,oresme6.gif,Page from Oresme,,,12
251,image,palsky/bertillon.jpg,Bertillon map,,,174
254,image,palsky/eells.png,Experimental stimuli,,,200
257,image,permut2.gif,The reorderable matrix,,,222
258,image,pie22brk1.gif,Fourfold display,,,238
262,image,priestley.gif,Priestley&#039;s specimen chart of biography,,,71
263,image,probability.gif,Probability paper,,,183
265,image,punchedcard.gif,Hollerith punched card,,,164
266,image,rorick1982-weathermap.jpg,image,,,254
267,image,somersault.jpg,Somersault image sequence,,,159
268,image,sparkline-deficit.png,"Sparkline of the US deficit, 1983--2003",,,276
269,image,sparkline.png,Sparkline graphic for 4 stocks,,,276
270,image,stereo2.jpg,Perozzo stereogram image,,,155
271,image,stereo3.jpg,Perozzo ilustration of systems for 3D representation,,,155
273,image,tlens01-s.gif,Table lens screen shot,,,273
275,image,venndiagram.gif,Venn diagram,,,158
277,image,vonmayr2.gif,von Mayr&#039;s polar diagram,,,151
278,image,windrose.jpg,Lalanne windrose diagram,,,118
280,link,http://biocybernaut.com/img/hansberg-h190.jpg,Berger portrait,,,205
283,link,http://icj.huji.ac.il/images/Bachism.jpg,Bachi portrait,,,223
285,link,http://www.bbc.co.uk/schools/gcsebitesize/img/gcsechem_61.jpg,Mendeleev portrait,,,136
286,link,http://www.botany.org/images/pastofficers/Anderson-pres-1952.jpg,Portrait,,,204
290,link,http://www.maps.jcu.edu.au/course/hist/stats/illust/icons/bert.jpg,Bertillon portrait,,,160
291,link,http://www.maxmon.com/images/hstfig17.gif,Howard Aiken portrait,,,213
292,link,http://www.mhs.ox.ac.uk/measurer/images/fig4s.gif,Gemma Frisius at his desk surrounded by instruments and books,,,18
293,link,http://www.phys-astro.sonoma.edu/BruceMedalists/Russell/russell.jpg,Russell portrait,,,182
295,link,http://www.york.ac.uk/depts/maths/histstat/people/lexis.gif,Lexis portrait,,,148
296,link,http://www.york.ac.uk/depts/maths/histstat/people/mayr.gif,von Mayr Portrait,,,146
299,image,bertin1.gif,Bertin portrait,,,222
300,image,portraits/Booth.jpg,Booth portrait,,,171
301,image,portraits/GerolamoCardano.jpg,Gerolamo Cardano portrait,,,22
302,image,portraits/Henry_Moseley.jpg,Moseley portrait,,,185
303,image,portraits/Hollerith.jpg,Hollerith portrait,,,164
304,image,portraits/James_Cowles_Prichard.jpg,James Cowles Prichard portrait,,,119
306,image,portraits/Monge-10284180.jpg,Monge portrait,,,73
308,image,portraits/Wheatstone_Charles.jpg,Charles Wheatstone portrait,,,110
310,image,portraits/Zeuner.jpg,Zeuner portrait,,,134
311,image,portraits/Zworykinkinescope.jpg,"Zworykin,portrait, with kinescope",,,197
312,image,portraits/arbuthnot.jpg,Arbuthnot portrait,,,55
313,image,portraits/babbage.jpg,Babbage portrait,,,97
314,image,portraits/bayes.jpg,Bayes portrait,,,69
315,image,portraits/bertillon.jpg,Bertillon portrait,,,160
317,image,portraits/chernoff.gif,Chernoff portrait,,,231
320,image,portraits/crome.gif,Crome portrait,,,76
322,image,portraits/descartes.jpg,Descartes portrait,,,37
323,image,portraits/dewitt.jpg,de Witt portrait,,,47
324,image,portraits/dupin-portrait.jpg,Dupin portrait,,,99
325,image,portraits/dupin-withmap.jpg,"Dupin portrait, with his map",,,94
326,image,portraits/edwin-abbott.jpg,Abbott portrait,,,166
327,image,portraits/ehrenberg.jpg,Ehrenberg portrait,,,241
329,image,portraits/faraday.gif,Faraday portrait,,,104
330,image,portraits/fisher.jpg,R. A. Fisher portrait,,,190
331,image,portraits/fourier.jpg,Fourier portrait,,,96
335,image,portraits/geddes.gif,Geddes portrait,,,172
336,image,portraits/gemma_frisius.jpg,Gemma Frisius portrait,,,17
337,image,portraits/gibbs.jpg,Gibbs portrait,,,142
340,image,portraits/halley.jpg,Halley portrait,,,49
341,image,portraits/harmon.jpg,Harry Harmon portrait,,,214
342,image,portraits/harness.jpg,Harness portrait,,,113
343,image,portraits/henry-beck.jpg,Beck portrait,,,209
346,image,portraits/huygens.jpg,Huygens portrait,,,42
347,image,portraits/jbertin.jpg,Bertin color portrait,,,222
352,image,portraits/lambert.gif,Lambert portrait,,,68
353,image,portraits/levasseur47a.jpg,Levasseur portrait,,,133
354,image,portraits/llull.jpg,Llull portrait,,,10
355,image,portraits/lumiere.gif,Lumiere brothers portrait,,,173
361,image,portraits/nautonier.png,Le Nautonier portrait,,,28
364,image,portraits/niepce.jpg,Niepce portrait,,,100
366,image,portraits/oresme.jpg,Oresme portrait,,,12
368,image,portraits/pascal.jpg,Pascal portrait,,,40
369,image,portraits/petty.gif,Petty portrait,,,50
371,image,portraits/priestley.jpg,Priestley portrait,,,71
373,image,portraits/quetelet.jpg,Quetelet portrait,,,101
374,image,portraits/roesle.jpg,Rosele portrait,,,181
375,image,portraits/rorick.jpg,George Rorick portrait,,,254
376,image,portraits/schultze.jpg,Schultze portrait,,,58
378,image,portraits/shewhart.jpg,Walter Shewhart portrait,,,199
379,image,portraits/smith.jpg,William Smith portrait,,,90
380,image,portraits/snellius.jpg,Snellius portrait,,,32
382,image,portraits/sylvester_2.jpg,Sylvester portrait,,,154
383,image,portraits/tartaglia.jpg,Tartaglia portrait,,,21
384,image,portraits/thurstone.jpg,Thurstone portrait,,,202
386,image,portraits/tufte.gif,Tufte portrait,,,256
388,image,portraits/vauthier.jpg,Vauthier portrait,,,145
389,image,portraits/venn.jpg,Venn portrait,,,158
390,image,portraits/verhulst.jpg,Verhulst portrait,,,115
394,image,people/BenShneiderman.jpg,Ben Shneiderman portrait,,,270
397,image,people/HansRiedwyl.gif,Riedwyl portrait,,,255
398,image,people/JasonDykes.jpg,Jason Dykes portrait,,,274
401,image,people/LukeTierney.jpg,Luke Tierney portrait,,,264
402,image,people/MarkMonmonier.jpg,Monmonier portrait,,,253
404,image,people/StephenFienberg.jpg,Stephen Fienberg portrait,,,238
405,image,people/WilliamCleveland.gif,Cleveland portrait,,,239
407,link,http://www.math.yorku.ca/SCS/Online/mosaics/about.html,Tutorial description of mosaic displays,,,269
408,link,http://www.math.yorku.ca/SCS/Papers/moshist.pdf,Brief history of the mosaic display,,,269
410,link,http://213.48.46.171/museum/muybridge/Machinery.htm,Muybridge&#039;s zoopraxiscope,,,141
413,link,http://americanhistory.si.edu/muybridge/index.htm,Eadweard Muybridge&#039;s photography of motion,,,141
415,link,http://assoc.wanadoo.fr/planetarn/lenautonnier.htm,Biographical sketch,,,28
416,link,http://booth.lse.ac.uk/static/a/index.html,Charles Booth Online Archive at LSE,,,171
417,link,http://cassfos01.ucsd.edu/public/tutorial/HR.html,HR Diagram tutorial,,,182
419,link,http://cepa.newschool.edu/het/profiles/levasseur.htm,Link to bio blurb and texts,,,133
424,link,http://chem.ch.huji.ac.il/~eugeniik/history/zworykin.htm,Zworykin biography and invention (with images),,,197
425,link,http://chemlab.pc.maricopa.edu/periodic/foldedtable.html,"Mendeleev periodic table, and other pictorial representations",,,136
426,link,http://cm.bell-labs.com/cm/ms/departments/sia/video-library/dyndisp85.html,ASA Video Library blurb for video &quot;Dynamic Displays of Data&#039;&#039;,,,259
428,link,http://cm.bell-labs.com/cm/ms/departments/sia/wsc/,Cleveland bio and papers,,,239
429,link,http://cnx.rice.edu/content/m11970/latest/,A brief history of sunspots,,,35
433,link,http://dbhs.wvusd.k12.ca.us/webdocs/Chem-History/Moseley-article.html,"Text of Moseley&#039;s article, with scanned graphs",,,185
434,link,http://de.wikipedia.org/wiki/August_Friedrich_Wilhelm_Crome,Wikipedia bio (German),,,76
435,link,http://en.wikipedia.org/wiki/Ben_Shneiderman,Wikipedia: Ben Shneiderman biography,,,270
436,link,http://en.wikipedia.org/wiki/Edwin_Abbott_Abbott,Brief biography,,,166
437,link,http://en.wikipedia.org/wiki/George_Poulett_Scrope,Wikipedia: Scrope biography,,,109
439,link,http://en.wikipedia.org/wiki/Gustav_Zeuner,Wiklipedia: Zeuner biography,,,134
440,link,http://en.wikipedia.org/wiki/Harry_Beck,Wikipedia on Henry (Harry) Beck,,,209
441,link,http://en.wikipedia.org/wiki/Hollerith,Wikipedia: Hollerith biography,,,164
442,link,http://en.wikipedia.org/wiki/James_Joseph_Sylvester,Wikipedia: Sylvester,,,154
444,link,http://en.wikipedia.org/wiki/Louis-L\%C3\%A9ger_Vauthier,Wikipedia: Louis-L&eacute;ger Vauthier,,,145
445,link,http://en.wikipedia.org/wiki/Louis_Leon_Thurstone,Wikipedia Thurstone biography,,,202
449,link,http://en.wikipedia.org/wiki/Sparkline,Sparkline entry from Wikipedia,,,276
450,link,http://en.wikipedia.org/wiki/Venn_diagram,Wikipedia page on Venn and similar diagrams,,,158
451,link,http://es.rice.edu/ES/humsoc/Galileo/Catalog/Files/gemafris.html,Frisius biography,,,18
452,link,http://etc.princeton.edu/CampusWWW/Companion/russell_henry.html,Russell biography,,,182
453,link,http://euclid.psych.yorku.ca/ftp/papers/4fold.ps.gz,Friendly (1994) paper (.ps.gz format),,,238
456,link,http://fonds-ancien.ensmp.fr/Expositions/Graphiques/Pages/trois_dimensions_B.html,l&#039;Ecole des mines: Lalanne &quot;compteur universel&#039;&#039; and other calculating diagrams,,,162
458,link,http://forrest.psych.unc.edu/research/vista-frames/help/lecturenotes/lecture13/princomp-example.html,Description of PCA and biplot,,,229
459,link,http://galileo.rice.edu/Catalog/NewFiles/cardano.html,Cardano (Galileo project),,,22
464,link,http://gsahist.org/biographies/002StrataOrganizedFos.htm,Transcript of pages from Smith&#039;s 1816--1824 Strata Identified By Organized Fossils,,,90
466,link,http://homepage.newschool.edu/~het/profiles/levasseur.htm,Link to Levasseur&#039;s e-texts,,,168
469,link,http://ingrimayne.saintjoe.edu/econ/AllocatingRationing/MeasuringIncomeDist.html,Description of Lorenz Curve,,,178
470,link,http://inventors.about.com/od/fstartinventions/a/Fortran_4.htm,FORTRAN background,,,216
471,link,http://james-cowles-pritchard.biography.ms/,Pritchard biography,,,119
473,link,http://kspark.kaist.ac.kr/Human\%20Engineering.files/Chernoff/Chernoff\%20Faces.htm,Chernoff faces,,,240
475,link,http://lexikon.freenet.de/Johann_Friedrich_Wilhelm_von_Charpentier,von Charpentier bio blurb (german),,,74
477,link,http://library.tnstate.edu/MARION/ACK-5229,Reference to English translation,,,107
478,link,http://math.dartmouth.edu/~euler/docs/originals/E177.pdf,De&#039;couverte d&#039;un nouveau principe de mecanique,,,64
480,link,http://mubs.mdx.ac.uk/Staff/Personal_pages/Ifan1/Booth/,Charles Booth and poverty mapping in late nineteenth century London,,,171
481,link,http://ntrs.nasa.gov/archive/nasa/casi.ntrs.nasa.gov/19970014997_1997021574.pdf,"Technical report, The grand tour via geodesic interpolation of 2-frames (pdf)",,,257
482,link,http://pass.maths.org/issue12/features/annuities/,"Death and Statistics, including an account of de Witt&#039;s method",,,47
483,link,http://people.cs.uchicago.edu/~wiseman/chernoff/,Chernoff faces Java applet,,,231
484,link,http://perso.wanadoo.fr/cadastre/lallemand.htm,Lallemand biography and portrait,,,162
485,link,http://perso.wanadoo.fr/roger.leveque/lalanne.htm,Lalanne biography,,,117
487,link,http://psychclassics.yorku.ca/Thurstone/,"Thurstone, &quot;Vectors of the Mind&#039;&#039;",,,202
489,link,http://ry4an.org/flatland/,"etext, with illustrations",,,166
495,link,http://visitkilliecrankie.com/patrick-geddes.htm,Geddes biography,,,172
496,link,http://web.geog.gla.ac.uk/~mshand/kjohnston/cairt.pdf,Johnston bio and portrait (pdf),,,119
498,link,http://www-gap.dcs.st-and.ac.uk/~history/Mathematicians/Aiken.html,Aiken biography,,,213
499,link,http://www-gap.dcs.st-and.ac.uk/~history/Mathematicians/Gibbs.html,Gibbs biography,,,142
500,link,http://www-gap.dcs.st-and.ac.uk/~history/Mathematicians/Rheticus.html,Rheticus biography,,,20
501,link,http://www-gap.dcs.st-and.ac.uk/~history/Mathematicians/Sylvester.html,Sylvester biography,,,154
502,link,http://www-groups.dcs.st-and.ac.uk/~history/Mathematicians/Arbuthnot.html,Arbuthnot biography,,,55
503,link,http://www-groups.dcs.st-and.ac.uk/~history/Mathematicians/Babbage.html,Babbage biography,,,97
504,link,http://www-groups.dcs.st-and.ac.uk/~history/Mathematicians/Bayes.html,Bayes biography,,,69
507,link,http://www-groups.dcs.st-and.ac.uk/~history/Mathematicians/Cardan.html,Cardano biography,,,22
509,link,http://www-groups.dcs.st-and.ac.uk/~history/Mathematicians/De_Witt.html,de Witt biography,,,47
510,link,http://www-groups.dcs.st-and.ac.uk/~history/Mathematicians/Descartes.html,Biographical sketch - Rene Descartes,,,37
511,link,http://www-groups.dcs.st-and.ac.uk/~history/Mathematicians/Dupin.html,Dupin biography,,,99
512,link,http://www-groups.dcs.st-and.ac.uk/~history/Mathematicians/Eratosthenes.html,Eratosthenes biography,,,4
513,link,http://www-groups.dcs.st-and.ac.uk/~history/Mathematicians/Euler.html,Euler biography:,,,64
514,link,http://www-groups.dcs.st-and.ac.uk/~history/Mathematicians/Faraday.html,Faraday biography with portraits,,,104
515,link,http://www-groups.dcs.st-and.ac.uk/~history/Mathematicians/Fermat.html,Biographical sketch - Pierre de Fermat,,,37
516,link,http://www-groups.dcs.st-and.ac.uk/~history/Mathematicians/Fisher.html,"Fisher biography, with other links and portraits",,,190
517,link,http://www-groups.dcs.st-and.ac.uk/~history/Mathematicians/Fourier.html,Fourier biography,,,96
519,link,http://www-groups.dcs.st-and.ac.uk/~history/Mathematicians/Gauss.html,Gauss biography,,,91
520,link,http://www-groups.dcs.st-and.ac.uk/~history/Mathematicians/Gemma_Frisius.html,Frisius biography,,,17
524,link,http://www-groups.dcs.st-and.ac.uk/~history/Mathematicians/Hipparchus.html,Hipparchus biography,,,6
525,link,http://www-groups.dcs.st-and.ac.uk/~history/Mathematicians/Huygens.html,Huygens - Biographical sketch,,,46
526,link,http://www-groups.dcs.st-and.ac.uk/~history/Mathematicians/Jevons.html,Biography,,,156
527,link,http://www-groups.dcs.st-and.ac.uk/~history/Mathematicians/Lambert.html,Lambert biography,,,68
529,link,http://www-groups.dcs.st-and.ac.uk/~history/Mathematicians/Monge.html,Monge&#039;s biography,,,73
532,link,http://www-groups.dcs.st-and.ac.uk/~history/Mathematicians/Quetelet.html,Quetelet biography,,,101
533,link,http://www-groups.dcs.st-and.ac.uk/~history/Mathematicians/Snell.html,"Snell, biographical sketch",,,32
534,link,http://www-groups.dcs.st-and.ac.uk/~history/Mathematicians/Tartaglia.html,Tartaglia biography,,,21
536,link,http://www-groups.dcs.st-and.ac.uk/~history/Mathematicians/Venn.html,Venn biography,,,158
537,link,http://www-groups.dcs.st-and.ac.uk/~history/Mathematicians/Verhulst.html,Verhulst bio,,,115
538,link,http://www-groups.dcs.st-and.ac.uk/~history/PictDisplay/Llull.html,Llull portraits,,,10
545,link,http://www.19e.org/personnages/france/A/angeville.htm,Angeville biography,,,111
546,link,http://www.988.com/scientists/shewhart_walter.php,Collection of web sites on Shewhart,,,199
549,link,http://www.acm.org/sigchi/chi95/proceedings/videos/rr_bdy.htm,"ACM SigChi paper: Exploring Large Tables with the Table Lens, Rao and Card",,,273
551,link,http://www.agocg.ac.uk/reports/visual/casestud/francis/compar_1.htm,Visualisation using Lexis pencils,,,148
552,link,http://www.aip.org/history/gap/PDF/gibbs.pdf,"Gibbs, Elementary principles in statistical mechanics",,,142
553,link,http://www.alcyone.com/max/lit/flatland/,etext of Flatland,,,166
558,link,http://www.annales.org/archives/x/lallemand.html,Detailed biography (French),,,162
560,link,http://www.answers.com/topic/henry-moseley,Henry Mosely biography,,,185
562,link,http://www.anu.edu.au/nceph/surfstat/surfstat-home/app1-1.html,Summarising and presenting data- Rules for tables,,,241
566,link,http://www.bnf.fr/enluminures/manuscrits/aman6.htm,BNF listing of images from the Catalan Atlas,,,13
567,link,http://www.bnf.fr/enluminures/texte/tx2_07.htm,"BNF description of Atlas catalan (BNF, ESP 30)",,,13
568,link,http://www.boxesandarrows.com/archives/foreseeing_the_future_the_legacy_of_vannevar_bush.php,Bush biography (with links and images),,,212
569,link,http://www.britannica.com/seo/a/auguste-and-louis-lumiere/,"Auguste and Louis Lumiere, Encyclopedia Britannica article",,,173
570,link,http://www.brlsi.org/wsmith.htm,"William Smith (1769-1839), &quot;The Father of English Geology&#039;&#039;",,,90
571,link,http://www.cbs.nl/isi/hmemb.htm,ISI historical biography,,,125
573,link,http://www.census.gov/prod/3/98pubs/p60-203.pdf,Measuring 50 years of economic change,,,237
576,link,http://www.columbia.edu/acis/history/backus.html,Backus biography and bibliography (with links and images),,,216
577,link,http://www.corrosion-doctors.org/Biographies/MendeleevBio.htm,Mendeleev biography,,,136
579,link,http://www.cs.indiana.edu/hyplan/tkeahey/research/nlm/nlm.html,Nonlinear magnification home page,,,250
582,link,http://www.cs.umd.edu/hcil/treemap-history/,Treemaps description and images,,,270
583,link,http://www.cs.umd.edu/hcil/treemap/,Treemap homepage,,,270
585,link,http://www.csiss.org/classics/content/45,"Charles Booth: Mapping London&#039;s Poverty, 1885-1903",,,171
587,link,http://www.cybergeo.presse.fr/cartogrf/texte1/palsky.htm,"The debate on the standardization of statistical maps and diagrams (1857-1901), Cybergeo, No. 85",,,127
588,link,http://www.cybergeo.presse.fr/semiogra/brian/franjoh2.htm,"Bertin, lexis, and the graphical representation of event histories",,,267
589,link,http://www.cybergeo.presse.fr/semiogra/semiogrf.htm,30 ans de semiologique graphique,,,222
590,link,http://www.daguerre.org/resource/texts.html,The Daguerrian Society (with comprehensive links and images),,,116
591,link,http://www.demog.berkeley.edu/~bmd/lexis.html,Illustrated description of the Lexis diagram,,,148
592,link,http://www.demographic-research.org/Volumes/Vol4/3/4-3.pdf,"The Lexis diagram, a misnomer",,,148
593,link,http://www.dia.unisa.it/professori/ads/corso-security/www/CORSO-9900/biometria/Discovery.htm,Science of criminal identification,,,160
594,link,http://www.earlycinema.com/pioneers/lumiere_bio.html,Lumiere Biography,,,173
595,link,http://www.edwardtufte.com/bboard/q-and-a-fetch-msg?msg_id=0001OR&topic_id=1,Tufte&#039;s explanation of sparklines,,,276
596,link,http://www.ehess.fr/revue-msh/pdf/N167R893.pdf,Pierre-Francois Verhulst et la loi logistique de la population,,,115
597,link,http://www.eingang.org/Lecture/hmark1.html,History of Computing: Harvard Mark I,,,213
600,link,http://www.eranet.gr/eratosthenes/html/eoc.html,Eratosthenes of Cyrene,,,4
601,link,http://www.expo-marey.com/,Expo-Marey: Movement in Light,,,159
606,link,http://www.geo.ed.ac.uk/scotgaz/people/famousfirst1852.html,Johnston biography,,,119
607,link,http://www.geocities.com/CapeCanaveral/8341/biograf.htm,Wheatstone biography,,,110
609,link,http://www.geog.le.ac.uk/jad7/BCS/paper.html,CDV paper,,,274
611,link,http://www.gutenberg.org/etext/4971,The great intendant: A chronicle of Jean Talon in Canada (e-book),,,45
614,link,http://www.henry-davis.com/MAPS/LMwebpages/235mono.html,Detailed description of Catalan Atlas and Abraham Cresques (Henry-Davis),,,13
615,link,http://www.history.rochester.edu/steam/hollerith/,Comprehensive Hollerith biography,,,164
616,link,http://www.historyguide.org/intellect/priestley.html,Priestley biography,,,71
617,link,http://www.hodgers.com/mike/patrickgeddes/feature_fifteen.html,Outlook Tower as an anamorphosis of the world,,,172
618,link,http://www.homepages.ucl.ac.uk/~ucrarls/1225/texts/prosttn.html,English translation of On prostitution in the city of Paris,,,112
619,link,http://www.hrc.utexas.edu/exhibitions/permanent/wfp/,University of Texas exhibition: The first photo,,,100
622,link,http://www.infovis.net/printFicha.php?rec=revista&num=116&lang=2,InfoVis interview with J. Bertin,,,222
623,link,http://www.isi-2003.de/congresst.htm,ISI History,,,125
625,link,http://www.itl.nist.gov/div898/handbook/eda/section3/starplot.htm,"Star plot, description and example",,,227
630,link,http://www.library.adelaide.edu.au/digitised/fisher/,Collected papers of R. A. Fisher,,,190
633,link,http://www.maps.jcu.edu.au/course/hist/stats/bert/index.htm,Bertillon web site,,,160
634,link,http://www.maps.jcu.edu.au/course/hist/stats/quet/,Quetelet web site,,,101
635,link,http://www.markmonmonier.com/,Monmonier bio,,,248
638,link,http://www.math.uni-augsburg.de/stochastik/pukelsheim/2001a.html,Llull&#039;s writings on electoral systems,,,10
639,link,http://www.math.yorku.ca/SCS/Online/sieve/,Sieve diagrams applet,,,255
641,link,http://www.maths.tcd.ie/pub/HistMath/People/Huygens/RouseBall/RB_Huygens.html,Biographical blurb from,,,42
642,link,http://www.maths.tcd.ie/pub/HistMath/People/Pascal/RouseBall/RB_Pascal.html,"Pascal biography, extract from",,,40
643,link,http://www.maxmon.com/1857ad.htm,Wheatstone uses paper tape to store data,,,110
644,link,http://www.maxmon.com/1939ad.htm,Howard Aiken&#039;s Harvard Mark I,,,213
645,link,http://www.mhs.ox.ac.uk/students/98to99/index.html,Cosmographia web site,,,18
647,link,http://www.mlahanas.de/Greeks/Hipparchus.htm,Hipparchus the Astronomer,,,6
648,link,http://www.mrs.umn.edu/~sungurea/introstat/history/w98/Quetelet.html,Quetelet biography,,,125
658,link,http://www.nicephore-niepce.com/pagus/catalus1.html,Catalog of Niepce heliographies,,,100
661,link,http://www.photo.ucr.edu/photographers/muybridge/,"UCR Museum of Photography, animated Muybridge Gallery",,,141
662,link,http://www.phys.uu.nl/~huygens/bibl_oeuvrescompletes_en.htm,Complete works of Huygens,,,46
664,link,http://www.pierre-marteau.com/editions/1693-mortality.html,Matthias Bohne edit of Halley 1693 paper,,,51
666,link,http://www.precinemahistory.net/index.html,Complete history of cinematography,,,141
667,link,http://www.ps.uni-sb.de/~duchier/pub/vbush/vbush-all.shtml,As We May Think (e-text):,,,212
670,link,http://www.public.iastate.edu/~jolls/,Gibb&#039;s models,,,142
672,link,http://www.ramanarao.com/papers/rao-infoviz-nextgen-workspace-1995.pdf,Information visualization and the next generation workspace (pdf),,,273
673,link,http://www.ramanarao.com/papers/tablelens-chi94.pdf,"The Table Lens: Merging Graphical ... (CHI, 1994) paaper",,,273
676,link,http://www.research.att.com/~rab/,Becker bio and portrait,,,259
677,link,http://www.rigb.org/rimain/heritage/faradaypage.jsp,Faraday biography,,,104
678,link,http://www.rleggat.com/photohistory/history/stereosc.htm,Stereoscopic photography,,,110
679,link,http://www.rundetaarn.dk/engelsk/observatorium/hertz.html,Hertzsprung biography,,,182
680,link,http://www.sciences-po.fr/cartographie/cartographie_html/5_page5theorie/graphique_bertin2001/index.html,"Jacques Bertin, Semiologie Graphique web site",,,222
681,link,http://www.si.umich.edu/~furnas/,Furnas home page,,,250
682,link,http://www.si.umich.edu/~furnas/Papers/FisheyeCHI86.pdf,Generalised fisheye views paper (pdf),,,250
683,link,http://www.soi.city.ac.uk/~jad7/,Dykes home page,,,274
686,link,http://www.stat.cmu.edu/~fienberg/,Fienberg CV and portrait,,,238
687,link,http://www.stat.harvard.edu/People/Faculty/Herman_Chernoff/Herman_Chernoff_Index.html,Chernoff CV and portrait,,,231
688,link,http://www.stat.ucla.edu/history/essay.pdf,Essay towards solving a problem in the doctrine of chances,,,69
689,link,http://www.stat.ucla.edu/history/huygens.pdf,English translation of De Ratiociniis in Ludo Aleae,,,42
690,link,http://www.stat.umn.edu/booklet/luke/homepage.html,Tierney home page,,,264
691,link,http://www.stat.umn.edu/~luke/xls/xlsinfo/xlsinfo.html,Lisp-Stat information,,,264
692,link,http://www.stat.unibe.ch/htm/mitarbeit/riedwyl.htm,Riedwyl bio and portrait,,,255
693,link,http://www.statcan.ca/english/about/jt.htm,Jean Talon biography from Statistics Canada,,,45
694,link,http://www.strangescience.net/smith.htm,"William Smith, from &quot;The Rocky Road to Modern Paleontology and Biology&#039;&#039;",,,90
695,link,http://www.students.yorku.ca/~dand/1666.html,Commentary on first Canadian census by Dan,,,45
696,link,http://www.tablelens.com/,"Interactive table lens demonstrations, from InXight",,,273
697,link,http://www.tardis.ed.ac.uk/~lorna/geddes/exhibition.html,Patrick Geddes Exhibition,,,172
698,link,http://www.tech.purdue.edu/Cgt/Courses/tech511/historic.html,Historical development of graphics,,,73
699,link,http://www.temple.edu/photo/photographers/muybridge/photos.html,"Muybridge photos, with timeline and bio",,,141
700,link,http://www.the-aps.org/publications/tphys/legacy/1958/issue1/32.pdf,Henderson biography (pdf),,,203
701,link,http://www.theory.csc.uvic.ca/~cos/venn/VennEJC.html,A survey of Venn diagrams,,,158
702,link,http://www.thoemmes.com/dictionaries/dbe_scrope.htm,Scrope biography,,,109
707,link,http://www.ucmp.berkeley.edu/history/smith.html,"William Smith, history",,,90
708,link,http://www.umich.edu/~risotto/home.html,"Booth&#039;s 1889 London Poverty Map (digitized, zoomable)",,,171
710,link,http://www.unh.edu/esci/wmsmith.html,William &quot;Strata&#039;&#039; Smith on the Web,,,90
712,link,http://www.ursasoft.com/maps/London/london-post-1933.htm,Catalog of London Underground maps 1933-,,,209
713,link,http://www.usefultrivia.com/biographies/hipparchus_001.html,Astronomy,,,6
715,link,http://www.venndiagram.com/,Create your own Venn diagram,,,158
717,link,http://www.washington.edu/computing/training/560/zz-tufte.html,Graphics and web design according to Tufte&#039;s principles,,,256
720,link,http://www.wku.edu/~smithch/chronob/ANDE1897.htm,Brief biography,,,204
723,link,http://www.york.ac.uk/depts/maths/histstat/bayesbiog.pdf,Bayes biography by  D. R. Bellhouse,,,69
725,link,http://www1.poynter.org/dg.lts/id.14333/content.content_view.htm,The Colorful Origins of USA Today,,,254
728,link,uploads/files/levasseur/Levasseur-StatistiqueGraphique.pdf,Hi-res scan of Levasseur&#039;s La Statistique Graphique (15.6M),,,168
729,link,uploads/files/minard/biography.pdf,Minard biography,,,120
730,link,uploads/files/re-minard.html,Web page for &quot;Re-visions of Charles Joseph Minard&#039;&#039;,,,135
731,link,http://www.rleggat.com/photohistory/history/schulze.htm,Schulze biographical blurb,,,58
757,image,oldest-map.jpg,Konya town map,,,1
758,link,http://www.atamanhotel.com/catalhoyuk/oldest-map.html,"Town map, with an errupting volcano (Hasan Da&ouml;?) and the Konya plain",,,1
759,link,http://www.henry-davis.com/MAPS/Ancient%20Web%20Pages/100mono.html,An extended description of the most ancient maps,,,1
783,image,portraits/senefelder.jpg,Senefelder portrait,,,85
784,link,http://www.newadvent.org/cathen/13714b.htm,Senefelder biography,,,85
785,link,http://www.nga.gov.au/FirstImpressions/index.cfm,History of lithography and portrait,,,85
800,image,tufte/langren.jpg,Langren image,,,38
807,image,rumsey/berghaus-00163020.jpg,Charts showing temperature throughout the world,,,114
808,image,rumsey/berghaus-00163022.jpg,World map showing the tradewinds,,,114
809,image,rumsey/berghaus-00163054.jpg,Full colour &quot;ideal&#039;&#039; geologic cross-section,,,114
810,image,icons/berghaus.gif,Berghaus map icon,,,114
811,link,http://64.1911encyclopedia.org/B/BE/BERGHAUS_HEINRICH.htm,Berghaus biography,,,114
812,link,http://www.geography.wisc.edu/histcart/v5cap.html,"Berghaus map, high-res",,,114
832,image,scatter_galton.gif,"Galton correlation diagram, from",,,147
833,link,http://galton.org,"Comprehensive Galton site: biography, papers, images",,,147
838,link,http://www.physics.uoguelph.ca/tutorials/GLP/,Graphing on log paper,,,161
853,image,lambert1779-table.jpg,Lambert graphical table of temperatures,,,75
854,image,lambert1779-graph.jpg,Lambert graph of solar warming vs. lattitude,,,75
880,link,http://books.google.ca/books?id=yVDkyoNPZEwC,Google Books: Atlas Statistique de Paris,,,143
881,image,loua/loua1873-scalogram.jpg,Loua scalogram of 40 characteristics of 20 Paris districts (2422 x 1932; 1386K),,,143
882,image,loua/loua1873-scalogram-c.jpg,"Loua scalogram, color version (1212 x 960; 318K)",,,143
883,image,loua/loua1873-carte5.jpg,Shaded map of Paris showing number of inhabitants per house (935 x 615; 77K),,,143
898,image,pictogram.gif,Mulhall pictogram image,,,163
899,image,mulhall1884-pictogram-p424.jpg,"Mulhall pictogram image, steam power (730 x 457; 52K)",,,163
900,image,http://web.utk.edu/~glenn/Man-Animal.gif,"Man, animal and machine pictogram",,,163
901,link,http://books.google.com/books?id=vnbXZIGW5RsC,Google Books: Mulhall&#039;s Dictionary of Statistics,,,163
902,image,mulhall1884-pictogram-p379.jpg,"Mulhall pictogram image, railways (726 x 456; 58K)",,,163
908,image,galton-corr.jpg,Galton diagram of bivariate normal distribution,,,167
909,image,portraits/galton.jpg,Galton portrait,,,167
910,link,http://www-groups.dcs.st-and.ac.uk/~history/Mathematicians/Galton.html,Galton biography,,,167
911,link,http://galton.org,"A comprehensive Galton web site, with many publications and images",,,167
912,link,http://galton.org/pearson/,"Karl Pearson&#039;s biography of Galton, online",,,167
914,image,mosaic31.gif,Mosaic display &aacute; la Hartigan and Kleiner,,,249
915,image,HartiganKleiner1984.jpg,Hartigan &amp; Kleiner 5-way mosaic of TV ratings (629 x 663; 105K),,,249
944,image,portraits/marey.jpg,Marey portrait,,,153
945,link,http://web.inter.nl.net/users/anima/chronoph/marey/index.htm,Chronophotographical Projections,,,153
946,link,http://www.anotherscene.com/cinema/firsts/marey.html,Cinema firsts: Marey,,,153
947,link,http://www.ctie.monash.edu.au/hargrave/marey.html,Pioneers in Aeromodeling: E. J. Marey,,,153
948,link,http://www.expo-marey.com/ANGLAIS/indexGB.htm,Etienne Jules Marey - Movement in Light (english),,,153
949,link,http://books.google.ca/books?id=JnsAAAAAMAAJ,Google Books: La M&#039;ethode Graphique,,,153
972,image,peutinger335-366.jpg,Peutinger map,,,3
973,link,http://web.archive.org/web/20080129123649/http://www.kargi.de/peutinger.htm,Peutinger map images,,,3
974,link,http://www.livius.org/pen-pg/peutinger/map.html,Peutinger map background,,,3
987,link,http://www.cloudman.com/luke/041-luke.jpg,Luke Howard portrait,,,87
988,link,http://www.cloudman.com/luke_howard.htm,Luke Howard biography,,,87
989,link,http://www.islandnet.com/~see/weather/history/howard.htm,Luke Howard: The man who named clouds,,,87
1022,link,http://www.docstoc.com/docs/2167615/Graphical-Presentation-of-Longitudinal-Data,Playfair line graph: chart of national debt,,,80
1023,image,playfair-wheat1.gif,Playfair bar/line chart: price of wheat and wages,,,80
1024,image,icons/isis/fg4-t.gif,Playfair line graph: chart of national debt,,,80
1025,image,icons/playfair1.gif,Playfair bar/line chart: price of wheat and wages,,,80
1031,image,scheiner-pantograph.gif,Scheiner&#039;s pantograph,,,29
1032,link,http://en.wikipedia.org/wiki/File:Scheiner_christoph.gif,Scheiner&#039;s portrait,,,29
1033,link,http://www.faculty.fairfield.edu/jmac/sj/scientists/scheiner.htm,"Scheiner&#039;s sunspots, equatorial mount and pantograph",,,29
1044,image,gunterb2.jpg,Gunter&#039;s scale image,,,33
1045,image,logscalegunter.gif,Gunter&#039;s log scale,,,33
1046,image,oughtredimprove.gif,Oughtred&#039;s dual log scale,,,33
1047,link,http://www-groups.dcs.st-and.ac.uk/~history/Mathematicians/Gunter.html,Edmund Gunter - Biographical sketch,,,33
1048,link,http://en.wikipedia.org/wiki/Edmund_Gunter,Edmund Gunter - Biography,,,33
1049,link,http://en.wikipedia.org/wiki/William_Oughtred,William Oughtred - Biography,,,33
1050,image,pic_schickard.gif,reproduction of Schickard&#039;s calculating clock,,,34
1051,link,http://www-history.mcs.st-andrews.ac.uk/history/Mathematicians/Schickard.html,Schickard biography,,,34
1052,link,http://www.xnumber.com/xnumber/mechanical1.htm,History of mechanical calculators - Part 1,,,34
1055,image,portraits/galileo.jpg,Galileo portrait,,,36
1056,link,http://en.wikipedia.org/wiki/Galileo_Galilei,Galileo biography,,,36
1057,link,http://www.magiclantern.org.uk/images/sturm1.gif,"a Sturm Lantern, 1676",,,39
1058,image,portraits/kirscher.gif,Althanasius Kircher portrait,,,39
1059,link,http://libraries.luc.edu/about/jesuits/index.htm,"Jesuits and the Sciences, 1660--1719",,,39
1064,link,http://www-history.mcs.st-and.ac.uk/~history/BigPictures/Wren.jpeg,Wren portrait,,,43
1065,image,portraits/wren.jpg,Wren portrait,,,43
1066,link,http://galileo.rice.edu/Catalog/NewFiles/wren.html,Wren catalog entry from the Galileo Project,,,43
1067,link,http://www-history.mcs.st-and.ac.uk/~history/Mathematicians/Wren.html,Wren biography (St. Andrews),,,43
1068,link,http://www.artnet.com/library/04/0498/T049838.asp,Le Blon biography,,,54
1069,link,http://www.nature.com/nature/journal/v407/n6807/full/407946a0.html,Origins of the art of colour reproduction,,,54
1070,link,http://www.wmich.edu/ppse/color/,Color reproduction,,,54
1074,link,http://en.wikipedia.org/wiki/Image:Abraham_de_moivre.jpg,de Moivre portrait,,,59
1075,link,http://archimede.mat.ulaval.ca/pages/genest/publi/StatSci-2007.pdf,Maty&#039;s (1755) biography of Abraham De Moivre,,,59
1076,link,http://en.wikipedia.org/wiki/Normal_distribution,Wikipedia: Normal distribution,,,59
1077,image,icons/isis/fg15-t.gif,du Carla-Boniface topographical map icon,,,77
1078,link,http://www.elizabethbauerconsults.com/images/gr_illustration_chladni.gif,"Chladni vibration patterns, from",,,81
1079,image,portraits/chladni.jpg,Chladni portrait,,,81
1080,link,http://9waysmysteryschool.tripod.com/sacredsoundtools/id19.html,Chladni biography,,,81
1081,link,http://www.chem-phys.com/Intel/MattJ.pdf,High frequency kink interaction,,,81
1094,link,http://xxi.ac-reims.fr/fig-st-die/actes/actes_2000/thouez/t6.gif,Seaman&#039;s map,,,86
1095,link,http://www.zevross.com/special/history/disease.html,Mapping disease: Seaman&#039;s maps,,,86
1096,link,http://web.archive.org/web/20070204112610/http://zappa.nku.edu/~longa/geomed/modules/av/lab/study.html,Origins of mortality mapping,,,86
1118,link,http://www.kausal.com/leonardo/arnotalg.html,"The&#039;Arnovalley&#039;, the first known and dated work of Leonardo da Vinci",,,16
1119,image,portraits/davinci.jpg,da Vinci portrait,,,16
1120,link,http://www.kausal.com/leonardo/index.shtml,biography of Leonardo da Vinci,,,16
1121,image,brahe/DeNovaStellaC3-parallax.jpg,Parallax diagram,,,25
1122,image,brahe/Wall_Quadrant_290.jpg,Tycho Brahe&#039;s wall quadrant,,,25
1123,image,portraits/Tyge_Brahe_HPHansen_280.jpg,Tycho Brahe portrait,,,25
1124,link,http://galileo.rice.edu/sci/brahe.html,Galileo project summary of Brahe,,,25
1125,link,http://www-groups.dcs.st-and.ac.uk/~history/Mathematicians/Brahe.html,Tycho Brahe biography,,,25
1126,link,http://www.nada.kth.se/~fred/tycho/index.html,Tycho Brahe &quot;home page&#039;&#039;,,,25
1127,link,http://galileo.rice.edu/lib/student_work/experiment95/galileo_pendulum.html,Galileo&#039;s pendulum experiments,,,26
1128,link,http://muse.tau.ac.il/museum/galileo/pendulum.html,Properties of Pendulum,,,26
1129,link,http://www.henry-davis.com/MAPS/Ren/Ren1/406A.jpg,Mercator&#039;s 1569 Nova et Aucta Orbis Terrae map,,,23
1130,image,portraits/mercator.jpg,Mercator portrait,,,23
1131,link,http://www-history.mcs.st-andrews.ac.uk/history/Mathematicians/Mercator_Gerardus.html,"Mercator biography, with images",,,23
1132,link,http://www.encyclopedia.com/topic/Gerardus_Mercator.aspx,"Mercator biography, with related links",,,23
1133,link,http://www.mhs.ox.ac.uk/measurer/images/fig10m.gif,"Map of the Netherlands, medium",,,24
1134,image,dan/ortelius_world_map_1570.jpg,"Ortelius world map, from De Camp 1970",,,24
1135,link,http://www.mhs.ox.ac.uk/measurer/images/fig10s.gif,"Map of the Netherlands, small",,,24
1136,image,portraits/ortelius.jpg,Ortelius portrait,,,24
1137,link,http://www.uba.uva.nl/en/collections/maps/ortelius/overview.html,Overview of Ortelius and the Teatrum,,,24
1138,image,portraits/sussmilch.gif,Sussmilch portrait,,,61
1139,image,sussmilch.jpg,Image of a page from Sussmilch&#039;s book,,,61
1140,link,http://dekstop.de/weblog/2006/01/visualization_of_numeric_data/pouchet_multiplication.png,Pouchet&#039;s chart of the multiplication table,,,83
1141,image,icons/isis/fg8b-t.gif,Pouchet chart icon,,,83
1142,link,http://www.clarelibrary.ie/eolas/library/local-studies/pettymp1.htm,Map of William Petty&#039;s Down Survey,,,41
1143,image,portraits/petty2.jpg,William Petty portrait,,,41
1144,link,http://cepa.newschool.edu/het/profiles/petty.htm,"Petty - Biographical profile, with links to works and resources",,,41
1145,link,http://www.marxists.org/reference/subject/economics/petty/,"Political Arithmetick, by Sir William Petty",,,41
1146,image,dan/faraday-image3.jpg,Faraday diagram of a magnet with lines of force,,,95
1205,image,worldmap.gif,The first world map,,,2
1206,link,http://www.utm.edu/research/iep/a/anaximan.htm,Anaximander biography,,,2
1220,image,dan/napier_logtable.jpg,Two pages from Napier&#039;s table of logarithms,,,31
1221,image,dan/napier_spherical_triangles.jpg,Diagram of spherical triangles from,,,31
1222,image,portraits/napier.jpg,Napier portrait,,,31
1223,link,http://www-groups.dcs.st-and.ac.uk/~history/Mathematicians/Napier.html,Biography of Napier,,,31
1224,image,napier/napier1614-loglin.jpg,Linear and logarithmic scales,,,31
1225,link,http://www.17centurymaths.com/contents/napiercontents.html,English translation of  John Napier : Mirifici Logarithmorum Canonis Descriptio...by Ian Bruce,,,31
1232,image,portraits/Gompertz.jpg,Gompertz portrait,,,98
1233,link,http://www-groups.dcs.st-and.ac.uk/~history/Mathematicians/Gompertz.html,Gompertz biography,,,98
1234,link,http://www.weibull.com/RelGrowthWeb/the_gompertz_model.htm,The Gompertz model,,,98
1249,image,dan/jevons_graphical_method1.jpg,"Graphical method, from",,,132
1250,image,dan/jevons_graphical_method2.jpg,"Quantitative induction, from",,,132
1251,image,portraits/jevons.jpg,Jevons portrait,,,132
1252,link,http://cepa.newschool.edu/het/profiles/jevons.htm,Comprehensive bibliography,,,132
1253,link,http://http://home.tvd.be/cr27486/Jevons.html,"Jevons Home page, by Bert Mosselmans",,,132
1254,link,http://www.powerhousemuseum.com/exhibitions/Jevons.asp,Jevons in Sidney and the logic piano,,,132
1255,image,jevons/Jevons1863.jpg,The first semilog chart,,,132
1276,link,http://faculty.biu.ac.il/~barilm/parchmen.html,History of parchment,,,5
1277,link,http://en.wikipedia.org/wiki/Parchment,History of parchment in Wikipedia,,,5
1302,link,http://www.acmi.net.au/AIC/CAM_OBS_LOUVAIN_1544.GIF,Camera obscura,,,19
1303,link,http://www.acmi.net.au/AIC/CAM_OBS_LOUVAIN_1544_s.GIF,Camera obscura,,,19
1304,link,http://www.acmi.net.au/AIC/CAMERA_OBSCURA.html,Adventures in Cybersound: The Camera Obscura,,,19
1305,link,http://www.microscopy.fsu.edu/optics/timeline/1000-1599.html,"Science, Optics and You - Timeline, 1000-1599",,,19
1306,link,http://en.wikipedia.org/wiki/Camera_obscura,Camera Obscura in Wikipedia,"The first camera obscura was built by the scientist Abu Ali Al-Hasan Ibn al-Haitham, born in Basra (965&ndash;1039 AD), known in the West as Alhacen or Alhazen, who carried out practical experiments on optics in his Book of Optics.",,19
1307,image,Gutenbrg.gif,Page from the Mazarin bible,,,15
1308,image,guttentype.jpg,Gutenberg type sample,,,15
1309,image,portraits/guttenberg.gif,Gutenberg portrait,,,15
1310,link,http://en.wikipedia.org/wiki/Movable_type,Movable types in Wikipedia,The first known movable type system was invented in China by Bi Sheng out of ceramic between 1041 and 1048.,,15
1339,link,http://www.nmm.ac.uk/collections/explore/object.cfm?ID=G201%3A1%2F1,"National maritime museum, Halley magnetic chart",,,53
1340,image,palsky/halley-map.jpg,Halley isogonic map,,,53
1341,link,http://galileo.rice.edu/Catalog/NewFiles/halley.html,Halley biography,,,53
1342,link,http://gsc.nrcan.gc.ca/geomag/nmp/early_nmp_e.php,Geomagnetism: early concept of the North Magnetic Pole,The concept of the North Magnetic Pole arose from the desire of early European navigators to explain the directional properties of the compass. Chines used compass at least as early as the 1st century and it was imported to Europe in the 12th century.,,53
1384,image,portraits/tsailun.gif,Tsai Lun portrait,,,7
1385,link,http://www.paperonline.org/history-of-paper/timeline,Timeline of paper making,,,7
1386,link,http://www2.sjsu.edu/depts/Museum/tsailun.html,"Tsai Lun, portrait and biography",,,7
1387,link,http://en.wikipedia.org/wiki/Cai_Lun,Cai Lun in Wikipedia,,,7
1409,image,brinton1914-fig25.jpg,Comparative pictogram of copper production,,,188
1410,image,brinton1914-fig39.jpg,Proportion of College Graduates,,,188
1411,link,http://books.google.ca/books?id=x_3BFmigZZEC,Google Books: Brinton&#039;s Graphic Methods for Presenting Facts,,,188
1412,image,brinton1914-fig33.jpg,"Ranks of states on educational features, Fig 33 (514 x 738; 112K)",,,188
1413,link,http://www.flickr.com/photos/mstoll/sets/72157619121678127/,Michael Stoll&#039;s Flicker page on Brinton (1939) Graphic Presentation,,,188
1414,image,bowditch_boston.gif,Early regression of height on weight for English schoolboys,,,152
1415,image,bowditch_english.gif,Early regression curves of height on weight for Boston schoolboys,,,152
1416,link,http://www.cerebromente.org.br/n17/history/bowditch.jpg,Bowditch portrait,,,152
1490,image,montigny/mozaique.jpg,Montigny election map,,,137
1496,image,galton-corr.jpg,Galton&#039;s first correlation diagram,,,149
1499,image,log-timeline.gif,Table of historical events drawn on logarithmic paper,,,206
1500,link,http://www.answers.com/topic/logarithmic-timeline,Tabular representation of logarithic timeline,,,206
1501,link,http://www.stanford.edu/group/SHR/4-2/text/interviewvonf.html,von Foerster interview and logarithmic timeline,,,206
1502,link,http://www.univie.ac.at/constructivism/HvF.htm,von Foerster biography,,,206
1506,image,phillipscurve2.jpg,The Phillips Curve,,,217
1507,image,phillipscurve.gif,The Phillips Curve,,,217
1508,link,http://cepa.newschool.edu/het/profiles/phillips.htm,Phillips biography,,,217
1590,link,http://en.wikipedia.org/wiki/Gottfried_Achenwall,Achenwall Wikipedia entry,,,62
1591,link,http://www.achenwall.de/,Achenwall biography,,,62
1592,image,herschel1833-1.jpg,Herschel&#039;s graph of position vs time for $gamma$; Virginis,,,106
1593,image,herschel1833-2.jpg,Derived double-orbit for $gamma$ Virginis,,,106
1594,image,portraits/jfherschel.jpg,Herschel portrait,,,106
1595,link,http://sbelange.decollage.org/jfherschel.html,John Fredrick Herschel biography (French),,,106
1596,link,http://www-groups.dcs.st-and.ac.uk/~history/Mathematicians/Herschel.html,Herschel biography,,,106
1597,link,http://www.klima-luft.de/steinicke/ngcic/persons/herschel_j.htm,Herschel images,,,106
1658,link,http://www.cs.uiowa.edu/~luke/xls/tutorial/techreport/img27.gif,Simple scatterplot matrix,,,242
1659,image,psychlgy.gif,Enhanced scatterplot matrix,,,242
1660,image,parapoint.gif,Representation of a six dimensional point in parallel coordinates,,,258
1661,image,people/AlInselberg.jpg,AlInselberg portrait,,,258
1662,link,http://csgrad.cs.vt.edu/~agoel/parallel_coordinates/,Parallel coordinates applet,,,258
1663,link,http://www.amitgoel.com/pcoord/,Parallel coordinates visualisation applet,,,258
1664,link,http://www.cs.uta.fi/~hs/pce/,"Java applet, allowing direct manipulation: The Parallel Coordinate Explorer",,,258
1665,link,http://www.math.tau.ac.il/~aiisreal/,Parallel coordinates-- How it happened,,,258
1666,image,parallel-coords.gif,Parallel coordinates plots for high-dimensional data,,,258
1735,image,maunder-butterfly-small.gif,Maunder&#039;s butterfly diagram,,,177
1736,link,http://cse.ssl.berkeley.edu/segwayed/lessons/sunspots/research4.html,The sunspot cycle,,,177
1737,link,http://www.windows.ucar.edu/tour/link=/sun/activity/butterfly.html,The butterfly diagram,,,177
1738,image,Maunder1904.jpg,1904 Butterfly Diagram: Sunspots,Edward Maunder discovered that sun spots reappear regularly at certain latitudes of the Sun. The cycle lasts approximately 11 years. ,,177
1739,image,guerry/guerry_1829-coxcombs.jpg,Guerry&#039;s polar diagrams,,,102
1740,image,guerry/guerry_1829.jpg,Guerry barcharts and polar diagrams,,,102
1747,image,galileo1610-9v.jpg,Page 9v: craters on the moon,,,30
1748,image,galileo1610-cover.jpg,Cover page from Sidereus Nuncius,,,30
1749,link,http://hsci.cas.ou.edu/exhibits/exhibit.php?exbgrp=1&exbid=11&exbpg=1,Works of Galileo: Starry Messenger,,,30
1757,link,http://www.ganttchart.com/History.html,Gantt chart history,,,192
1758,image,ganttwhite.gif,Gantt Project ,,,192
1784,image,guerry/guerry-balbi-600s.jpg,Balbi-Guerry maps,,,103
1792,image,symapss.gif,Early SYMAP image of Connecticut,,,221
1793,link,http://www.geog.buffalo.edu/ncgia/gishist/bar_harbor.html,The GIS History Project,,,221
1794,link,http://www.gisdevelopment.net/history/1960-1970.htm,GIS Milestones,,,221
1795,link,http://www.gis.dce.harvard.edu/fisher/HTFisher.htm,Brief Biography,,,221
1798,link,http://www.census.gov/,US Bureau of Census home page,,,243
1799,link,http://www.census.gov/prod/3/98pubs/p60-203.pdf,Measuring 50 years of economic change,,,243
1810,image,icons/NJPick-it.gif,Boxplot of the NJ Pick-it Lottery,,,247
1811,image,people/RichardBecker.gif,Richard Becker portrait,,,247
1812,link,http://www.r-project.org,The R Project for Statistical Computing,,,247
1813,link,http://www.research.att.com/areas/stat/doc/94.11.ps,A Brief History of S (Postscript),,,247
1814,image,portraits/JohnChambers.jpg,John Chambers portrait,,,247
1815,link,http://www-groups.dcs.st-and.ac.uk/~history/Mathematicians/Cusa.html,Cusa biography,,,14
1816,link,http://staff.kings.edu/bapavlac/fbf/cusa.html,Annotated links: Nicolas of Cusa on the Web,,,14
1817,image,portraits/NicolasdeCusa.jpg,Nicolas de Cusa portrait,,,14
1827,image,icons/coxcomb.gif,re-creation of a coxcomb,,,129
1828,image,coxcomb3.jpg,Nightingale coxcomb,,,129
1829,image,portraits/nightingale.jpg,Nightingale portrait,,,129
1830,link,http://www.amstat.org/publications/jse/v12n1/maindonald.html,JSE article: A Dialogue with Florence Nightingale,,,129
1831,link,http://www.florence-nightingale.co.uk/small.htm,Florence Nightingale&#039;s Statistical Diagrams,,,129
1832,link,http://www.unc.edu/~nielsen/soci208/cdocs/cohen.htm,Florence Nightingale by I. Bernard Cohen,,,129
1833,image,nightingale/coxcomb_cholera-mortality.jpg,Coxcomb of Cholera deaths by William Farr,,,129
1834,image,nightingale/coxcomb-plagues-london.jpg,Coxcomb of London Plague by William Farr,,,129
1835,link,http://datavis.ca/milestones/index.php?group=1800%2B&mid=ms102,Graphs by Andre-Michel Guerry in 1829,,,129
1836,image,portraits/WilliamFarr.jpg,William Farr portrait,,,129
1859,image,ibry-trainschedule.gif,Train schedule graphic,,,169
1860,image,portraits/ej_marey.jpg,Marey portrait,,,169
1882,image,adams/Adams1679-100dpi.png,Adams1679,This map shows the distances between cities in England.,,281
1883,image,bowley/bowley1901c.jpg,Exports from England and Ireland,A multiple line graph showing the value of British and Irish produce exported to other countries from 1855 to 1898 with a smoothing curve to show the average every year.,,282
1884,image,antikythera/Antikythera.jpg,Antikythera,An ancient mechanical calculator also described as the first known mechanical computer designed to calculate astronomical positions.,,283
1885,image,antikythera/Antikythera-mechanism.png,Antikythera mechanism,Schematic depiction of Antikythera mechanism,,283
1886,image,antikythera/Antikythera-front.JPG,Antikythera front view,Antikythera front gears and dials,,283
1887,image,helmholtz/Helmholtz1850.jpg,Hemholtz1850,Helmholtz&#039;s graphical representation of the time course of muscle action. ,,284
1888,image,helmholtz/Helmholtz1852-1.jpg,Helmholtz1852-1,Comparative displacement of time course of muscle action (identical contractions).,,284
1889,image,helmholtz/Helmholtz1852-2.jpg,Helmholtz1852-2,Comparative displacement of time course of muscle action (slightly greater excitability in second contraction).,,284
1890,image,helmholtz/Helmholtz1852-3.jpg,Helmholtz1852-3,Comparative displacement of time course of muscle action (decreased excitability in second contraction).,,284
1891,image,portraits/Hermann-von-Helmholtz-portrait.jpg,Herman Helmholtz,,,284
1892,image,rosling/gapminder_hiv_chart_feb09_a-1s.jpg,Buble chart for HIV,Number of people living with HIV.,,285
1893,image,rosling/gapminder_world_chart_2006.jpg,Buble chart for the World,What a world map should convey.,,285
1894,image,rosling/Hans-Rosling.jpg,Hans Rosling,,,285
1895,link,http://www.gapminder.org/,Gapminder home page,,,285
1896,link,http://www.youtube.com/watch?v=IaTIMhCbhFo,Bifocal display,,,286
1897,image,galton/Stigler2011-Figure1.jpg,Galton&#039;s 1877 machine,Taken from Stigler (2011).,,287
1898,link,http://classic-web.archive.org/web/20041204231120/http://twiki.tensegrity.net/bin/view/Main/SearchReferralZeitgeist,Flanagan&#039;s Search Referral Zeitgeist,"The page that many claim started the trend, with measurement of web referrals [Note: only available through the Archive.org database]",,288
1899,image,wordles/Dewey.png,Wordle of Dewey&#039;s Reflex Arc Article.,"A Wordle of John Dewey&#039;s &quot;The Reflex Arc in Psychology&quot; (1896), produced by Dr. Christopher Green.",,288
1900,image,wordles/Skinner.png,Wordle of Skinner&#039;s Theories of Learning article.,"A Wordle of B. F. Skinner&#039;s &quot;The Reflex Arc in Psychology&quot; (1950), produced by Dr. Christopher Green.",,288
1901,image,wordles/wordcloud.jpg,Wordle of the Milestones Project.,"A Wordle produced circa 2008 of the Milestones Database, created by Dr. Michael Friendly.",,288
1902,image,krzywinski/circos-D3.png,Circos-D3,Circos images for genome research,,289
1903,image,krzywinski/circos-sample-panel.png,Circos sample panel,Circos images for genome research,,289
1904,link,datavis.ca/gallery/guerry/ordonnateur.pdf,,,,290
1905,link,http://www.math.csusb.edu/faculty/stanton/probstat/clt.html,The Central Limit Theorem,,,291
1906,image,sergeev/Sergeev1854-trains_small.jpg,Graphic train schedule with map,Published in St. Petersburg in May of 1854.,,292
1907,image,sergeev/Sergeev1854-trains_bottom.jpg,Graphic train schedule,,,292
1980,link,http://www.journals.uchicago.edu/Isis/journal/demo/v000n000/000000/fg19.gif,Traction of a locomotive in three coordinate systems,,,165
1981,image,icons/isis/fg19-t.gif,Traction of a locomotive in three coordinate systems,,,165
1982,image,ocagne-0006-sel.png,Diagram of parallel coordinates from,,,165
1983,link,http://historical.library.cornell.edu/cgi-bin/cul.math/docviewer?did=00620001&seq=3,Text of d&#039;Ocagne&#039;sbook on parallel coordinates,,,165
1984,link,http://www.cosmovisions.com/Ocagne.htm,D&#039;Ocagne biography (French),,,165
1985,link,http://www.handsomeatlas.com/us-census-statistical-atlas-1870/death-by-race-and-nationality,Death by Race and Rationality,"

",,165
1997,link,http://lcweb2.loc.gov/gmd/gmd370m/g3701m/g3701gm/gct00008/ca000001.gif,Cover of the 1870 Statistical Atlas,,,144
1998,image,icons/pyramid.gif,Population pyramid,,,144
1999,link,http://cepa.newschool.edu/het/profiles/image/walker.gif,Portrait,,,144
2000,link,http://www.york.ac.uk/depts/maths/histstat/people/walker_f.gif,Walker portrait,,,144
2001,link,http://cepa.newschool.edu/het/profiles/walker.htm,detailed Walker biography,,,144
2002,link,http://lcweb2.loc.gov/cgi-bin/query/r?ammem/gmd:@filreq(@field(NUMBER+@band(g3701gm+gct00008))+@field(COLLID+setlmap)),Text of the Statistical Atlas of 1870,,,144
2003,link,http://memory.loc.gov/ammem/gmdhtml/census.html,History of US census atlases,,,144
2004,link,http://socserv2.socsci.mcmaster.ca/~econ/ugcm/3ll3/walkerfa/,Detailed Walker biography,,,144
2005,link,http://www.handsomeatlas.com/us-census-statistical-atlas-1870,Statistical Atlas of the United States (1870),,,144
2006,link,http://www.handsomeatlas.com/us-census-statistical-atlas-1870/population-distribution-of-u-s-by-age-and-sex#z=3&lat=0.5397&lng=0.3220,Population distribution of U.S. by age and sex,,,144
2007,image,population_pyramid.JPG,Example of population pyramid,Population distribution of U.S. by age and sex,,144
2044,image,dan/mortality_table.jpg,"Mortality table, from",,,44
2045,image,portraits/graunt.gif,Graunt portrait,,,44
2046,link,http://echo.mpiwg-berlin.mpg.de/ECHOdocuView?pn=3&ws=1.5&ww=1&wh=1&mode=imagepath&url=/mpiwg/online/permanent/echo/mpi_rostock/Graunt_1665/user,"Natural and Political Observations mentioned in a following Index, and made upon the Bills of Mortality, 1665",,,44
2047,link,http://www.encyclopedia.com/topic/John_Graunt.aspx,Short biography on John Graunt,,,44
2048,image,Graunt1662.JPG,Cover page of &quot;Natural and Political Observations...&quot; ,Published in 1662.,,44
2079,link,http://www.math.yorku.ca/SCS/Gallery/images/portraits/cheysson.jpg,Cheysson portrait,,,176
2080,image,cheysson/chart_uni_en_1.JPG,On Chart Uniformity (pg. 1) - English Translation ,"Proposals to bring uniformity in the preparation of charts: Bertillon, J., Cheysson, E., &amp; Fontaine, M.

",,176
2081,link,http://132.187.98.10:8080/encyclopedia/en/cheyssonJean.pdf,Biographt of Emile Cheysson,,,176
2082,link,http://www.britannica.com/EBchecked/topic/62829/Jacques-Bertillon,Biography of Jacques Bertillon,,,176
2083,image,cheysson/chart_uni_en_2.JPG,On Chart Uniformity (pg. 2) - English Translation,"Proposals to bring uniformity in the preparation of charts: Bertillon, J., Cheysson, E., &amp; Fontaine, M.",,176
2084,image,cheysson/chart_uni_en_3.JPG,On Chart Uniformity (pg. 3) - English Translation,"Proposals to bring uniformity in the preparation of charts: Bertillon, J., Cheysson, E., &amp; Fontaine, M.",,176
2085,image,cheysson/chart_uni_en_4.JPG,On Chart Uniformity (pg. 4) - English Translation,"
Proposals to bring uniformity in the preparation of charts: Bertillon, J., Cheysson, E., &amp; Fontaine, M.",,176
2086,image,cheysson/chart_uni_en_5.JPG,On Chart Uniformity (pg. 5) - English Translation,"Proposals to bring uniformity in the preparation of charts: Bertillon, J., Cheysson, E., &amp; Fontaine, M.",,176
2087,image,cheysson/chart_uni_en_6.JPG,On Chart Uniformity (pg. 6) - English Translation,"Proposals to bring uniformity in the preparation of charts: Bertillon, J., Cheysson, E., &amp; Fontaine, M.",,176
2095,link,"http://docs.fdrlibrary.marist.edu:8000/findbrow.cgi?collection=Ezekiel,+Mordecai",Brief biography on Ezekiel,,,293
2096,image,people/AndreasBuja.jpg,Buja portrait,,,260
2097,link,http://www-stat.wharton.upenn.edu/~buja/,Buja home page,,,260
2098,link,http://www.maths.may.ie/staff/churley/churley.html,Hurley home page,,,260
2099,image,minard/gogfig15_1.jpg,Minard&#039;s March on Moscow graphic,,,275
2100,link,http://www.cs.uic.edu/~wilkinson/TheGrammarOfGraphics/fig8_11.jpg,"3D Contour map, Fig 8-11",,,275
2101,link,http://www.cs.uic.edu/~wilkinson/TheGrammarOfGraphics/fig1_1.jpg,Contour plot of death rate vs. birth rate,,,275
2102,image,portraits/LeeWilkinson.jpg,Wilkinson Portrait,,,275
2111,image,wright-path.jpg,Wright&#039;s first path diagram,,,195
2112,image,portraits/Wright.jpg,Wright portrait,,,195
2113,link,http://www.amphilsoc.org/library/mole/w/wrights.htm,"Sewall Wright Papers, from the American Philosophical Society",,,195
2114,link,http://www.nap.edu/books/0309049784/html/438.html,Biographical memoirs,,,195
2118,image,people/EdWegman.jpg,Wegman portrait,,,268
2119,image,Wegman-1990-Fig3.jpg,Wegman 1990 - Fig3.,"Parallel coordinate plot of six-dimensional data illustrating correlations of 1, .8, .2, 0, -.2, -.8, and -1.",,268
2120,image,Wegman-1990-Fig8.jpg,Wegman 1990 - Fig8,The second permutation of the five-dimensional presentation of the automobile data. There are two classes of linear relationships between gear ratio and miles per gallon. ,,268
2131,image,watt-indicator-detail.jpg,Watt Indicator detail,,,84
2132,image,icons/isis/fg5-t.gif,Watt Indicator icon,,,84
2133,image,portraits/James_Watt.jpg,Watt portrait,,,84
2134,link,http://en.wikipedia.org/wiki/James_Watt,Wikipedia: Watt biography,,,84
2135,link,http://bobmiles.bulldoghome.com/pages/bobmiles%5Fbulldoghome%5Fcom/morejwatt.htmhttp://bobmiles.bulldoghome.com/pages/bobmiles%5Fbulldoghome%5Fcom/morejwatt.htm,Watt biography,,,84
2139,image,madfit22.gif,Hanging rootogram for the fit of a Poisson distribution,,,219
2140,link,http://stat.bell-labs.com/who/tukey/index.html,"Biography, tributes, images, bibliography of JWT",,,219
2141,image,portraits/tukey.jpg,Tukey portrait,,,219
2142,image,people/JeromeFriedman.jpg,Friedman portrait,,,236
2149,image,ptolemy-map.jpg,"Ptolemy&#039;s world map, republished in 1482",,,8
2150,image,portraits/ptolemy.gif,Ptolemy portrait ,ca. 1400,,8
2151,link,http://en.wikipedia.org/wiki/Ptolemy_world_map,"Ptolemy world map description, with images",,,8
2152,link,http://www.bl.uk/learning/images/mappinghist/large2296.html,"Ptolemy&#039;s world map, description and high-res image",,,8
2153,link,http://www-groups.dcs.st-and.ac.uk/~history/Mathematicians/Ptolemy.html,Ptolemy history,,,8
2154,link,http://www.henry-davis.com/MAPS/AncientWebPages/119mono.html,The world according to Ptolemy,,,8
2166,image,portraits/boscovich-Croatian_dinar.jpg,Boscovich portrait,on the Croatian dinar,,63
2167,link,http://reference.allrefer.com/encyclopedia/M/Mayer-Jo.html,Mayer biography,,,63
2168,link,http://www-groups.dcs.st-and.ac.uk/~history/Mathematicians/Boscovich.html,Boscovich biography,,,63
2169,image,portraits/maxwell.jpg,Maxwell portrait,,,131
2170,link,http://www-groups.dcs.st-and.ac.uk/~history/Mathematicians/Maxwell.html,Maxwell biography,,,131
2171,link,http://www.visitrannoch.com/james-maxwell.htm,Maxwell biography,,,131
2172,image,portraits/martonne.jpg,de Martonne portrait ,,,279
2173,image,martonne1919.jpg,Distribution of nationalities in the the countries dominated by Roumanians (2925 x 1959; 1026K),,,279
2174,link,http://fr.wikipedia.org/wiki/Emmanuel_de_Martonne,Wikipedia entry for De Martonne (French),,,279
2175,image,galton-weather-charts2.gif,Galton&#039;s 1881 weather chart,,,130
2176,image,portraits/galton-furse.gif,Galton portrait,by Furse,,130
2177,link, http://www.mugu.comhttp://galton.org/essays/1870-1879/galton-1870-barometric.pdfgalton/essays/1870-1879/galton-1870-barometric.pdf,Galton&#039;s 1870 Barometric Predictions of Weather,,,130
2178,link,http://galton.org/essays/1860-1869/galton-1861-charts.pdf,Galton&#039;s 1861 Meteorological Charts,,,130
2179,image,galton/galton1863-7-s.jpg,"1861, Dec.7. Morning, Afternoon, Evening. ",,,130
2180,image,galton/galton1863-summary1-s.jpg,"Charts of the temprature, wind, rain and borometer in the morning. ",,,130
2181,image,humboldt/humboldt1805-chimborazo.jpg,"Cross-section diagram of the Chimborazo, 1805--07",,,92
2182,image,rumsey/vonhumboldt-00173023.jpg,von Humboldt charts,,,92
2183,image,portraits/humboldt.jpg,Humboldt portrait,,,92
2184,image,portraits/humboldt1.jpg,Humboldt portrait,young,,92
2185,link,http://www.19e.org/personnages/etranger/humboldt.htm,Humboldt biography (French),,,92
2186,link,http://www.humboldt.edu/~german/Alex/ALEX1.HTM,von Humboldt biography,,,92
2187,image,portraits/kruskal.jpg,Kruskal portrait,,,218
2188,link,http://cm.bell-labs.com/cm/ms/departments/sia/video-library/kruskal.html,"ASA Video Library blurb for video &quot;Multidimensional Scaling&#039;&#039;, with sample frames",,,218
2189,image,Regard2.jpg,"REGARD image: largest annual oil flows into EU, 1977--1990",,,262
2190,image,portraits/AntonyUnwin.jpg,Unwin portrait,,,262
2191,image,DiamondFast.jpg,"DiamondFast image, overlaid time series, aligned and rescaled interactively",,,261
2192,link,http://stats.math.uni-augsburg.de/~unwin/,Unwin home page,,,261
2193,image,portraits/AntonyUnwin.jpg,Unwin portrait,,,261
2194,link,http://www.research.att.com/~andreas/xgobi/xgobi-example.gif,XGobi screen shot,,,271
2195,image,people/DebbieSwayne.jpg,Swayne portrait,,,271
2196,link,http://forrest.psych.unc.edu/research/,ViSta - The Visual Statistics System,,,271
2197,link,http://www.research.att.com/areas/stat/xgobi/,XGobi - multivariate visualization,,,271
2198,image,portraits/ForrestYoung.gif,Young portrait,,,271
2203,image,portraits/HowardWainer.jpg,Wainer portrait,,,235
2204,image,portraits/HowardWainer.jpg,Wainer portrait,,,244
2205,image,playfair1805-pie2.jpg,Playfair&#039;s 1805 Statistical Representation of the U.S.A.,,,89
2206,image,playfair-pie.jpg,Playfair&#039;s 1805 Statistical Representation of the U.S.A.,,,89
2207,image,playfair2.jpg,Playfair&#039;s diagram of population and taxes,,,89
2208,link,http://www.psych.utoronto.ca/~spence/Spence_2004.pdf,Oxford DNB article by Ian Spence (pdf),,,89
2209,image,portraits/IanSpence.jpg,Spence portrait,,,89
2210,image,portraits/cheysson.jpg,Cheysson portrait,,,170
2211,image,cheysson/plate8a-s-PalskyF63.jpg,Several concentric versions of France representing relative travel time,A map showing several concentric versions of France.  Each version is sized according to the ratio of travel time from the center of France in that time period to the time needed in 1689.,,170
2212,link,http://132.187.98.10:8080/encyclopedia/en/cheyssonJean.pdf,Cheysson&#039;s Biography,,,170
2213,link,http://www.grida.no/prog/global/cgiar/awpack/morph.htm,Anamorphic Maps,,,170
2214,image,palsky/defourcroy.jpg,de Fourcroy&#039;s proportional squares,,,78
2215,image,palsky/defourcroy3.jpg,de Fourcroy&#039;s proportional squares,,,78
2216,link,http://www.math.yorku.ca/SCS/Gallery/milestone/fourcroy.html,"Description of de Fourcroy, from Palsky",,,78
2230,link,http://mapmaker.rutgers.edu/355/DrSnows_map2.jpg,Cholera map,,,126
2231,link,http://xxi.ac-reims.fr/fig-st-die/actes/actes_2000/thouez/t13.gif,"same, larger (764x852; 400K)",,,126
2232,image,portraits/snow.gif,Snow portrait,,,126
2233,link,http://johnsnow.matrix.msu.edu/onlinecompanion.php,"Online Companion to Cholera, Chloroform, and the Science of Medicine: A Life of John Snow",,,126
2234,link,http://johnsnow.matrix.msu.edu/work.php?id=15-78-C1,Communication of Cholera Review,,,126
2235,image,tufte/snow.gif,Cholera map,,,126
2239,image,tufte/minard-rhone.jpg,Collapse of the bridge on the Rhone,,,294
2242,image,portraits/lovelace.jpg,Lovelace portrait,,,295
2243,link,http://www.biography.com/people/ada-lovelace-20825323,Brief Biography ,,,295
2254,image,palaeolithic_map.JPG,Palaeolithic map ,"The representation of landscape can be seen on this stone. As an example, the cave is shown by the indent on the top image, towards the left.",,296
2255,image,palaeolithic_map2.JPG,Image representation of the palaeolithic map,The representation of the landscape is outlined in the image. ,,296
2256,link,http://www.sciencedirect.com/science/article/pii/S0047248409000839,Article about a palaeolithic map ,"A palaeolithic map from 13,660 calBP: engraved stone blocks from the Late Magdalenian in Abauntz Cave (Navarra, Spain)

",,296
2257,link,http://www.philart.de/articles/images/isotype5.jpg,Isotype figure,,,198
2258,image,dan/neurath_symbols3.jpg,"Births and deaths in Germany, from",,,198
2259,image,dan/neurath_symbols4.jpg,"Infant mortality and social position in Vienna, from",,,198
2260,image,dan/neurath_symbols5.jpg,"Number of men living in Europe, from",,,198
2261,image,icons/neurath.jpg,Neurath Isotype image,,,198
2262,image,portraits/neurath1.jpg,Neurath portrait ,,,198
2263,link,http://cscs.umich.edu/~crshalizi/notebooks/neurath.html,Neurath biography,,,198
2264,link,http://en.wikipedia.org/wiki/Otto_Neurath,Wikipedia: Neurath biography,,,198
2265,link,http://eagereyes.org/techniques/isotype,Article on the ISOTYPE,By Robert Kosara ,,198
2269,image,vonmayr1.gif,von Mayr&#039;s Area diagram,,,150
2270,image,portraits/mayr.jpg,von Mayr portrait,,,150
2271,image,mayr_mosaic.JPG,Mosaic graph by Von Mayr,"Ninetwwenth-century German concept for a mosaic (Von Mayr, 1877, p.79). Courtesy University of Arkansas Library",,150
2273,image,Trabert1905-weather.jpg,The first weather map,"Brandes describes how the isobars and wind arrows revealed a counter-clockwise circulation over the English Channel on March 6, 1783. ",,298
2282,image,diamonds.png,ggplot2 plot of the diamonds dataset,,,299
2292,image,/Kaiser%20Ferdinands%20Nordbahn.jpg,Composite Map: Sheets 1-9,Visual representation and data visualization of the history of the Emperor Ferdinand Northern railway from the beginning of the operation on the 6th. of January 1838 to the end of the year 1853.,,303
2299,link,https://blogs.loc.gov/picturethis/2014/02/du-boiss-american-negro-exhibit-for-the-1900-paris-exposition/,African American Photographs Assembled for 1900 Paris Exposition,,,301
2300,image,WEB_DuBois.jpg,Du Bois portrait,,,301
